"","player_id","nameFirst","nameLast","birthDate","pa","at_bats","tot_ob","total_bases","game_type"
"1",642715,"Willy","Adames",1995-09-02,2264,2046,727,918,"nbd"
"2",642715,"Willy","Adames",1995-09-02,20,18,8,7,"bd"
"3",656180,"Riley","Adams",1996-06-26,151,139,37,44,"nbd"
"4",571431,"Matt","Adams",1988-08-31,1028,946,312,466,"nbd"
"5",656180,"Riley","Adams",1996-06-26,4,3,1,0,"bd"
"6",571431,"Matt","Adams",1988-08-31,9,9,1,1,"bd"
"7",666176,"Jo","Adell",1999-04-08,283,266,75,100,"nbd"
"8",666176,"Jo","Adell",1999-04-08,2,2,0,0,"bd"
"9",501303,"Ehire","Adrianza",1989-08-21,516,447,169,170,"nbd"
"10",501303,"Ehire","Adrianza",1989-08-21,7,6,1,0,"bd"
"11",346793,"Jeremy","Affeldt",1979-06-06,1,1,0,0,"nbd"
"12",346793,"Jeremy","Affeldt",1979-06-06,1,0,1,0,"bd"
"13",542583,"Jesus","Aguilar",1990-06-30,1378,1211,468,612,"nbd"
"14",542583,"Jesus","Aguilar",1990-06-30,9,9,0,0,"bd"
"15",642727,"Sergio","Alcantara",1996-07-10,473,419,134,144,"nbd"
"16",642727,"Sergio","Alcantara",1996-07-10,6,6,1,1,"bd"
"17",595751,"Jorge","Alfaro",1993-06-11,1041,975,309,382,"nbd"
"18",595751,"Jorge","Alfaro",1993-06-11,9,7,2,0,"bd"
"19",501659,"Abraham","Almonte",1989-06-27,172,146,57,59,"nbd"
"20",501659,"Abraham","Almonte",1989-06-27,3,2,1,0,"bd"
"21",546991,"Albert","Almora",1994-04-16,1159,1078,357,430,"nbd"
"22",546991,"Albert","Almora",1994-04-16,6,4,2,0,"bd"
"23",475174,"Yonder","Alonso",1987-04-08,2347,2079,776,844,"nbd"
"24",475174,"Yonder","Alonso",1987-04-08,17,16,8,12,"bd"
"25",514888,"Jose","Altuve",1990-05-06,3810,3418,1411,1714,"nbd"
"26",514888,"Jose","Altuve",1990-05-06,25,22,8,10,"bd"
"27",670541,"Yordan","Alvarez",1997-06-27,594,534,206,285,"nbd"
"28",670541,"Yordan","Alvarez",1997-06-27,4,3,1,0,"bd"
"29",506560,"Alexi","Amarista",1989-04-06,175,167,47,59,"nbd"
"30",506560,"Alexi","Amarista",1989-04-06,1,1,0,0,"bd"
"31",641313,"Tim","Anderson",1993-06-23,3037,2895,949,1262,"nbd"
"32",605119,"Brian","Anderson",1993-05-19,1442,1270,503,533,"nbd"
"33",641313,"Tim","Anderson",1993-06-23,26,26,8,12,"bd"
"34",605119,"Brian","Anderson",1993-05-19,12,12,3,6,"bd"
"35",462101,"Elvis","Andrus",1988-08-26,3440,3149,1097,1251,"nbd"
"36",462101,"Elvis","Andrus",1988-08-26,24,23,6,7,"bd"
"37",606157,"Aristides","Aquino",1994-04-22,274,257,68,94,"nbd"
"38",606157,"Aristides","Aquino",1994-04-22,2,2,0,0,"bd"
"39",606115,"Orlando","Arcia",1994-08-04,1681,1544,498,563,"nbd"
"40",516472,"Francisco","Arcia",1989-09-14,105,102,24,44,"nbd"
"41",606115,"Orlando","Arcia",1994-08-04,13,13,5,10,"bd"
"42",516472,"Francisco","Arcia",1989-09-14,1,1,0,0,"bd"
"43",571448,"Nolan","Arenado",1991-04-16,3290,2942,1176,1629,"nbd"
"44",571448,"Nolan","Arenado",1991-04-16,21,20,6,11,"bd"
"45",650333,"Luis","Arraez",1997-04-09,599,543,225,226,"nbd"
"46",650333,"Luis","Arraez",1997-04-09,4,4,1,4,"bd"
"47",624414,"Christian","Arroyo",1995-05-30,713,654,217,258,"nbd"
"48",624414,"Christian","Arroyo",1995-05-30,19,18,7,9,"bd"
"49",605125,"Cody","Asche",1990-06-30,453,422,133,167,"nbd"
"50",605125,"Cody","Asche",1990-06-30,3,3,1,1,"bd"
"51",592122,"Tyler","Austin",1991-09-06,308,272,89,113,"nbd"
"52",592122,"Tyler","Austin",1991-09-06,7,5,4,5,"bd"
"53",668731,"Akil","Baddoo",1998-08-16,221,197,63,52,"nbd"
"54",668731,"Akil","Baddoo",1998-08-16,4,4,2,2,"bd"
"55",664056,"Harrison","Bader",1994-06-03,731,662,232,262,"nbd"
"56",664056,"Harrison","Bader",1994-06-03,9,9,2,2,"bd"
"57",456701,"Homer","Bailey",1986-05-03,74,68,9,9,"nbd"
"58",456701,"Homer","Bailey",1986-05-03,2,2,0,0,"bd"
"59",425557,"Jeff","Baker",1981-06-21,79,71,23,27,"nbd"
"60",425557,"Jeff","Baker",1981-06-21,1,1,0,0,"bd"
"61",607455,"Anthony","Banda",1993-08-10,5,5,0,0,"nbd"
"62",607455,"Anthony","Banda",1993-08-10,1,0,0,0,"bd"
"63",150148,"Rod","Barajas",1975-09-05,357,317,101,109,"nbd"
"64",150148,"Rod","Barajas",1975-09-05,4,4,1,1,"bd"
"65",607461,"Matt","Beaty",1993-04-28,276,244,90,88,"nbd"
"66",607461,"Matt","Beaty",1993-04-28,5,3,3,1,"bd"
"67",493596,"Gordon","Beckham",1986-09-16,275,241,81,83,"nbd"
"68",493596,"Gordon","Beckham",1986-09-16,4,4,1,2,"bd"
"69",605137,"Josh","Bell",1992-08-14,2613,2257,924,1045,"nbd"
"70",605137,"Josh","Bell",1992-08-14,21,16,7,2,"bd"
"71",641355,"Cody","Bellinger",1995-07-13,1829,1608,624,800,"nbd"
"72",641355,"Cody","Bellinger",1995-07-13,14,11,7,9,"bd"
"73",474832,"Brandon","Belt",1988-04-20,2734,2350,982,1089,"nbd"
"74",474832,"Brandon","Belt",1988-04-20,22,20,3,4,"bd"
"75",136860,"Carlos","Beltran",1977-04-24,1116,1023,377,507,"nbd"
"76",136860,"Carlos","Beltran",1977-04-24,8,7,2,1,"bd"
"77",134181,"Adrian","Beltre",1979-04-07,1251,1142,436,561,"nbd"
"78",134181,"Adrian","Beltre",1979-04-07,8,8,0,0,"bd"
"79",643217,"Andrew","Benintendi",1994-07-06,2969,2626,1037,1130,"nbd"
"80",643217,"Andrew","Benintendi",1994-07-06,24,21,13,17,"bd"
"81",542194,"Christian","Bethancourt",1991-09-02,485,465,128,170,"nbd"
"82",542194,"Christian","Bethancourt",1991-09-02,8,8,2,5,"bd"
"83",624415,"Cavan","Biggio",1995-04-11,302,256,96,90,"nbd"
"84",624415,"Cavan","Biggio",1995-04-11,1,1,0,0,"bd"
"85",453568,"Charlie","Blackmon",1986-07-01,4529,4079,1609,1983,"nbd"
"86",453568,"Charlie","Blackmon",1986-07-01,22,20,5,7,"bd"
"87",433217,"Andres","Blanco",1984-04-11,400,358,128,153,"nbd"
"88",433217,"Andres","Blanco",1984-04-11,5,5,2,2,"bd"
"89",453269,"Brennan","Boesch",1985-04-12,91,86,18,18,"nbd"
"90",453269,"Brennan","Boesch",1985-04-12,3,3,0,0,"bd"
"91",664761,"Alec","Bohm",1996-08-03,1040,959,323,361,"nbd"
"92",664761,"Alec","Bohm",1996-08-03,8,7,3,2,"bd"
"93",593528,"Jorge","Bonifacio",1993-06-04,418,381,134,166,"nbd"
"94",466988,"Emilio","Bonifacio",1985-04-23,43,38,6,8,"nbd"
"95",593528,"Jorge","Bonifacio",1993-06-04,4,3,1,0,"bd"
"96",466988,"Emilio","Bonifacio",1985-04-23,1,0,0,0,"bd"
"97",623520,"David","Bote",1993-04-07,681,592,219,224,"nbd"
"98",623520,"David","Bote",1993-04-07,2,2,0,0,"bd"
"99",571506,"Justin","Bour",1988-05-28,1239,1069,436,502,"nbd"
"100",571506,"Justin","Bour",1988-05-28,12,11,4,4,"bd"
"101",598265,"Jackie","Bradley",1990-04-19,2523,2245,762,877,"nbd"
"102",598265,"Jackie","Bradley",1990-04-19,13,12,2,1,"bd"
"103",488726,"Michael","Brantley",1987-05-15,2490,2236,915,1052,"nbd"
"104",488726,"Michael","Brantley",1987-05-15,26,19,13,9,"bd"
"105",621446,"Lewis","Brinson",1994-05-08,402,378,96,128,"nbd"
"106",621446,"Lewis","Brinson",1994-05-08,4,4,1,1,"bd"
"107",664913,"Seth","Brown",1992-07-13,551,496,168,220,"nbd"
"108",664913,"Seth","Brown",1992-07-13,4,4,1,2,"bd"
"109",542979,"Keon","Broxton",1990-05-07,459,411,136,173,"nbd"
"110",542979,"Keon","Broxton",1990-05-07,4,3,2,1,"bd"
"111",457803,"Jay","Bruce",1987-04-03,1664,1479,541,682,"nbd"
"112",457803,"Jay","Bruce",1987-04-03,17,14,6,3,"bd"
"113",621111,"Walker","Buehler",1994-07-28,142,122,21,17,"nbd"
"114",621111,"Walker","Buehler",1994-07-28,6,6,0,0,"bd"
"115",542993,"Billy","Burns",1989-08-30,549,515,182,202,"nbd"
"116",542993,"Billy","Burns",1989-08-30,6,5,3,2,"bd"
"117",456714,"Billy","Butler",1986-04-18,597,534,192,208,"nbd"
"118",456714,"Billy","Butler",1986-04-18,4,4,2,2,"bd"
"119",407781,"Marlon","Byrd",1977-08-30,540,502,155,222,"nbd"
"120",407781,"Marlon","Byrd",1977-08-30,4,4,3,7,"bd"
"121",408234,"Miguel","Cabrera",1983-04-18,2410,2118,897,978,"nbd"
"122",466320,"Melky","Cabrera",1984-08-11,2652,2451,863,1029,"nbd"
"123",408234,"Miguel","Cabrera",1983-04-18,21,18,8,14,"bd"
"124",466320,"Melky","Cabrera",1984-08-11,18,17,5,6,"bd"
"125",456715,"Lorenzo","Cain",1986-04-13,3188,2872,1130,1213,"nbd"
"126",456715,"Lorenzo","Cain",1986-04-13,24,18,10,6,"bd"
"127",430948,"Alberto","Callaspo",1983-04-19,257,226,82,64,"nbd"
"128",430948,"Alberto","Callaspo",1983-04-19,4,4,0,0,"bd"
"129",669134,"Luis","Campusano",1998-09-29,46,44,12,15,"nbd"
"130",669134,"Luis","Campusano",1998-09-29,4,4,1,1,"bd"
"131",425626,"Chris","Capuano",1978-08-19,46,39,11,12,"nbd"
"132",425626,"Chris","Capuano",1978-08-19,2,2,0,0,"bd"
"133",605170,"Victor","Caratini",1993-08-17,744,662,231,215,"nbd"
"134",605170,"Victor","Caratini",1993-08-17,10,7,3,0,"bd"
"135",506924,"Stephen","Cardullo",1987-08-31,58,55,14,19,"nbd"
"136",506924,"Stephen","Cardullo",1987-08-31,1,1,1,4,"bd"
"137",112020,"Chris","Carpenter",1975-04-27,171,144,20,18,"nbd"
"138",112020,"Chris","Carpenter",1975-04-27,6,5,0,0,"bd"
"139",485567,"Ezequiel","Carrera",1987-06-11,321,284,113,117,"nbd"
"140",485567,"Ezequiel","Carrera",1987-06-11,4,3,1,0,"bd"
"141",488768,"Andrew","Cashner",1986-09-11,60,59,6,5,"nbd"
"142",488768,"Andrew","Cashner",1986-09-11,1,1,0,0,"bd"
"143",458210,"Alexi","Casilla",1984-07-20,361,319,112,114,"nbd"
"144",458210,"Alexi","Casilla",1984-07-20,4,4,3,5,"bd"
"145",456078,"Welington","Castillo",1987-04-24,1612,1482,490,653,"nbd"
"146",456078,"Welington","Castillo",1987-04-24,20,17,9,10,"bd"
"147",650489,"Willi","Castro",1997-04-24,447,410,121,141,"nbd"
"148",488771,"Jason","Castro",1987-06-18,742,657,218,243,"nbd"
"149",666801,"Rodolfo","Castro",1999-05-21,274,249,83,108,"nbd"
"150",650489,"Willi","Castro",1997-04-24,3,3,1,4,"bd"
"151",488771,"Jason","Castro",1987-06-18,9,9,3,4,"bd"
"152",666801,"Rodolfo","Castro",1999-05-21,4,4,0,0,"bd"
"153",644374,"Yu","Chang",1995-08-18,436,401,121,154,"nbd"
"154",644374,"Yu","Chang",1995-08-18,5,4,1,0,"bd"
"155",656305,"Matt","Chapman",1993-04-28,2512,2182,838,1014,"nbd"
"156",656305,"Matt","Chapman",1993-04-28,17,15,6,5,"bd"
"157",656308,"Michael","Chavis",1995-08-11,958,887,274,361,"nbd"
"158",656308,"Michael","Chavis",1995-08-11,8,7,3,4,"bd"
"159",455139,"Robinson","Chirinos",1984-06-05,691,585,229,248,"nbd"
"160",455139,"Robinson","Chirinos",1984-06-05,8,8,2,5,"bd"
"161",596847,"Ji-Man","Choi",1991-05-19,1002,847,359,387,"nbd"
"162",596847,"Ji-Man","Choi",1991-05-19,11,11,3,3,"bd"
"163",425783,"Shin-Soo","Choo",1982-07-13,1315,1115,491,494,"nbd"
"164",425783,"Shin-Soo","Choo",1982-07-13,10,8,4,5,"bd"
"165",458085,"Chris","Coghlan",1985-06-18,799,697,257,277,"nbd"
"166",458085,"Chris","Coghlan",1985-06-18,4,4,1,1,"bd"
"167",518568,"Christian","Colon",1989-05-14,158,144,47,43,"nbd"
"168",518568,"Christian","Colon",1989-05-14,3,3,0,0,"bd"
"169",575929,"Willson","Contreras",1992-05-13,1447,1257,503,566,"nbd"
"170",575929,"Willson","Contreras",1992-05-13,12,10,3,1,"bd"
"171",571578,"Patrick","Corbin",1989-07-19,99,88,15,10,"nbd"
"172",571578,"Patrick","Corbin",1989-07-19,2,2,0,0,"bd"
"173",621043,"Carlos","Correa",1994-09-22,2520,2221,905,1045,"nbd"
"174",621043,"Carlos","Correa",1994-09-22,23,21,4,3,"bd"
"175",429781,"Kevin","Correia",1980-08-24,29,25,4,3,"nbd"
"176",429781,"Kevin","Correia",1980-08-24,2,2,0,0,"bd"
"177",446359,"Zack","Cozart",1985-08-12,2755,2516,837,1025,"nbd"
"178",446359,"Zack","Cozart",1985-08-12,21,20,2,4,"bd"
"179",501800,"Allen","Craig",1984-07-18,628,575,214,285,"nbd"
"180",501800,"Allen","Craig",1984-07-18,10,8,5,7,"bd"
"181",443558,"Nelson","Cruz",1980-07-01,4742,4198,1661,2173,"nbd"
"182",443558,"Nelson","Cruz",1980-07-01,30,29,9,15,"bd"
"183",518586,"Charlie","Culberson",1989-04-10,586,542,180,237,"nbd"
"184",518586,"Charlie","Culberson",1989-04-10,4,4,1,1,"bd"
"185",621311,"David","Dahl",1994-04-01,623,570,193,256,"nbd"
"186",621311,"David","Dahl",1994-04-01,10,9,6,6,"bd"
"187",666915,"Bobby","Dalbec",1995-06-29,802,730,233,321,"nbd"
"188",666915,"Bobby","Dalbec",1995-06-29,4,4,2,2,"bd"
"189",506433,"Yu","Darvish",1986-08-16,18,15,2,1,"nbd"
"190",506433,"Yu","Darvish",1986-08-16,2,2,0,0,"bd"
"191",605204,"J. D.","Davis",1993-04-27,1017,897,368,425,"nbd"
"192",664041,"Jaylin","Davis",1994-07-01,8,8,1,2,"nbd"
"193",641505,"Jonathan","Davis",1992-05-12,92,80,25,22,"nbd"
"194",605204,"J. D.","Davis",1993-04-27,12,10,4,2,"bd"
"195",664041,"Jaylin","Davis",1994-07-01,1,1,0,0,"bd"
"196",641505,"Jonathan","Davis",1992-05-12,3,3,0,0,"bd"
"197",457477,"Alejandro","De Aza",1984-04-11,360,320,119,132,"nbd"
"198",457477,"Alejandro","De Aza",1984-04-11,5,5,2,5,"bd"
"199",474443,"Ivan","De Jesus",1987-05-01,241,219,75,69,"nbd"
"200",474443,"Ivan","De Jesus",1987-05-01,2,2,0,0,"bd"
"201",407822,"Jorge","De La Rosa",1981-04-05,66,59,10,9,"nbd"
"202",407822,"Jorge","De La Rosa",1981-04-05,1,1,0,0,"bd"
"203",657557,"Paul","DeJong",1993-08-02,1329,1202,408,523,"nbd"
"204",657557,"Paul","DeJong",1993-08-02,15,13,3,1,"bd"
"205",592261,"Delino","DeShields",1992-08-16,1832,1582,590,543,"nbd"
"206",592261,"Delino","DeShields",1992-08-16,21,17,9,6,"bd"
"207",133225,"Ryan","Dempster",1977-05-03,98,86,9,10,"nbd"
"208",133225,"Ryan","Dempster",1977-05-03,5,4,0,0,"bd"
"209",435622,"Ian","Desmond",1985-09-20,2156,1976,678,841,"nbd"
"210",435622,"Ian","Desmond",1985-09-20,17,14,3,1,"bd"
"211",656371,"Isan","Diaz",1996-05-27,274,236,79,67,"nbd"
"212",649557,"Aledmys","Diaz",1990-08-01,1086,1009,329,429,"nbd"
"213",650490,"Yandy","Diaz",1991-08-08,674,575,249,223,"nbd"
"214",656371,"Isan","Diaz",1996-05-27,4,2,2,0,"bd"
"215",649557,"Aledmys","Diaz",1990-08-01,12,12,3,4,"bd"
"216",650490,"Yandy","Diaz",1991-08-08,5,4,1,1,"bd"
"217",572816,"Corey","Dickerson",1989-05-22,2830,2638,917,1256,"nbd"
"218",543105,"Alex","Dickerson",1990-05-26,309,280,95,119,"nbd"
"219",572816,"Corey","Dickerson",1989-05-22,20,17,5,6,"bd"
"220",543105,"Alex","Dickerson",1990-05-26,3,3,0,0,"bd"
"221",518618,"Derek","Dietrich",1989-07-18,1154,996,406,431,"nbd"
"222",518618,"Derek","Dietrich",1989-07-18,11,11,3,4,"bd"
"223",594694,"Wilmer","Difo",1992-04-02,592,532,177,181,"nbd"
"224",594694,"Wilmer","Difo",1992-04-02,8,7,3,3,"bd"
"225",641531,"Hunter","Dozier",1991-08-22,1685,1513,525,661,"nbd"
"226",572821,"Brian","Dozier",1987-05-15,2508,2182,811,917,"nbd"
"227",641531,"Hunter","Dozier",1991-08-22,18,17,6,9,"bd"
"228",572821,"Brian","Dozier",1987-05-15,17,13,5,6,"bd"
"229",592273,"Brandon","Drury",1992-08-21,2027,1872,618,825,"nbd"
"230",592273,"Brandon","Drury",1992-08-21,16,16,6,7,"bd"
"231",435043,"Zach","Duke",1983-04-19,77,58,16,14,"nbd"
"232",435043,"Zach","Duke",1983-04-19,2,2,0,0,"bd"
"233",594807,"Adam","Duvall",1988-09-04,2075,1892,608,930,"nbd"
"234",594807,"Adam","Duvall",1988-09-04,16,14,8,11,"bd"
"235",502481,"Jarrod","Dyson",1984-08-15,1056,936,331,321,"nbd"
"236",502481,"Jarrod","Dyson",1984-08-15,11,10,3,4,"bd"
"237",669242,"Tommy","Edman",1995-05-09,687,637,212,248,"nbd"
"238",669242,"Tommy","Edman",1995-05-09,4,4,0,0,"bd"
"239",454560,"A. J.","Ellis",1981-04-09,193,168,58,51,"nbd"
"240",454560,"A. J.","Ellis",1981-04-09,3,3,0,0,"bd"
"241",453056,"Jacoby","Ellsbury",1983-09-11,1523,1348,497,504,"nbd"
"242",453056,"Jacoby","Ellsbury",1983-09-11,13,11,2,1,"bd"
"243",518653,"Jake","Elmore",1987-06-15,153,137,40,39,"nbd"
"244",518653,"Jake","Elmore",1987-06-15,5,4,1,1,"bd"
"245",640447,"Phil","Ervin",1992-07-15,258,234,85,109,"nbd"
"246",640447,"Phil","Ervin",1992-07-15,2,2,1,1,"bd"
"247",457787,"Danny","Espinosa",1987-04-25,700,626,198,223,"nbd"
"248",457787,"Danny","Espinosa",1987-04-25,7,7,1,1,"bd"
"249",571657,"Kyle","Farmer",1990-08-17,1104,1001,349,403,"nbd"
"250",571657,"Kyle","Farmer",1990-08-17,8,8,1,1,"bd"
"251",657571,"Caleb","Ferguson",1996-07-02,4,4,1,1,"nbd"
"252",657571,"Caleb","Ferguson",1996-07-02,1,1,0,0,"bd"
"253",425902,"Prince","Fielder",1984-05-09,1762,1504,650,658,"nbd"
"254",425902,"Prince","Fielder",1984-05-09,15,13,6,7,"bd"
"255",605232,"Brandon","Finnegan",1993-04-14,6,6,0,0,"nbd"
"256",605232,"Brandon","Finnegan",1993-04-14,1,1,0,0,"bd"
"257",605233,"Derek","Fisher",1993-08-21,166,145,48,54,"nbd"
"258",605233,"Derek","Fisher",1993-08-21,1,1,0,0,"bd"
"259",475247,"Ryan","Flaherty",1986-07-27,297,263,84,95,"nbd"
"260",475247,"Ryan","Flaherty",1986-07-27,4,4,0,0,"bd"
"261",664058,"David","Fletcher",1994-05-31,1311,1215,423,431,"nbd"
"262",664058,"David","Fletcher",1994-05-31,7,7,1,1,"bd"
"263",527038,"Wilmer","Flores",1991-08-06,2355,2121,749,945,"nbd"
"264",527038,"Wilmer","Flores",1991-08-06,22,20,9,7,"bd"
"265",645801,"Mike","Ford",1992-07-04,160,141,55,79,"nbd"
"266",645801,"Mike","Ford",1992-07-04,3,2,2,1,"bd"
"267",664034,"Ty","France",1994-07-13,609,547,207,240,"nbd"
"268",664034,"Ty","France",1994-07-13,4,4,0,0,"bd"
"269",596748,"Maikel","Franco",1992-08-26,1944,1796,590,783,"nbd"
"270",596748,"Maikel","Franco",1992-08-26,17,16,2,4,"bd"
"271",640449,"Jackson","Frazier",1994-09-06,156,128,62,67,"nbd"
"272",640449,"Jackson","Frazier",1994-09-06,4,3,1,0,"bd"
"273",518692,"Freddie","Freeman",1989-09-12,5334,4591,2082,2406,"nbd"
"274",502273,"Mike","Freeman",1987-08-04,64,58,17,11,"nbd"
"275",518692,"Freddie","Freeman",1989-09-12,38,35,16,21,"bd"
"276",502273,"Mike","Freeman",1987-08-04,1,1,0,0,"bd"
"277",501896,"David","Freese",1983-04-28,2325,2082,809,902,"nbd"
"278",501896,"David","Freese",1983-04-28,19,16,7,8,"bd"
"279",592325,"Ben","Gamel",1992-05-17,1608,1436,534,553,"nbd"
"280",592325,"Ben","Gamel",1992-05-17,14,12,5,5,"bd"
"281",541645,"Avisail","Garcia",1991-06-12,2380,2196,786,942,"nbd"
"282",594824,"Greg","Garcia",1989-08-08,531,450,183,147,"nbd"
"283",611177,"Adonis","Garcia",1985-04-12,738,697,223,274,"nbd"
"284",541645,"Avisail","Garcia",1991-06-12,21,21,7,11,"bd"
"285",594824,"Greg","Garcia",1989-08-08,5,5,1,2,"bd"
"286",611177,"Adonis","Garcia",1985-04-12,8,8,2,2,"bd"
"287",458731,"Brett","Gardner",1983-08-24,4176,3637,1401,1479,"nbd"
"288",458731,"Brett","Gardner",1983-08-24,25,22,9,7,"bd"
"289",572863,"Dustin","Garneau",1987-08-13,98,83,34,34,"nbd"
"290",572863,"Dustin","Garneau",1987-08-13,3,3,1,1,"bd"
"291",666129,"Braxton","Garrett",1997-08-05,10,10,2,2,"nbd"
"292",666129,"Braxton","Garrett",1997-08-05,1,1,0,0,"bd"
"293",594828,"Evan","Gattis",1986-08-18,1922,1761,566,839,"nbd"
"294",594828,"Evan","Gattis",1986-08-18,14,13,4,4,"bd"
"295",518716,"Dillon","Gee",1986-04-28,31,25,6,6,"nbd"
"296",518716,"Dillon","Gee",1986-04-28,3,2,0,0,"bd"
"297",571697,"Scooter","Gennett",1990-05-01,1131,1041,397,531,"nbd"
"298",571697,"Scooter","Gennett",1990-05-01,4,4,0,0,"bd"
"299",543213,"Johnny","Giavotella",1987-07-10,497,448,154,165,"nbd"
"300",543213,"Johnny","Giavotella",1987-07-10,5,5,3,5,"bd"
"301",543216,"Conor","Gillaspie",1987-07-18,503,461,170,193,"nbd"
"302",543216,"Conor","Gillaspie",1987-07-18,3,3,0,0,"bd"
"303",665926,"Andres","Gimenez",1998-09-04,887,787,303,338,"nbd"
"304",665926,"Andres","Gimenez",1998-09-04,12,10,5,4,"bd"
"305",643327,"Zack","Godley",1990-04-21,63,51,6,2,"nbd"
"306",643327,"Zack","Godley",1990-04-21,2,2,1,1,"bd"
"307",502671,"Paul","Goldschmidt",1987-09-10,4277,3658,1660,1910,"nbd"
"308",502671,"Paul","Goldschmidt",1987-09-10,26,24,6,10,"bd"
"309",543228,"Yan","Gomes",1987-07-19,1254,1152,374,488,"nbd"
"310",543228,"Yan","Gomes",1987-07-19,11,10,5,5,"bd"
"311",570481,"Erik","Gonzalez",1991-08-31,343,317,93,105,"nbd"
"312",461829,"Gio","Gonzalez",1985-09-19,117,104,11,14,"nbd"
"313",408236,"Adrian","Gonzalez",1982-05-08,1451,1298,498,581,"nbd"
"314",570481,"Erik","Gonzalez",1991-08-31,6,6,2,5,"bd"
"315",461829,"Gio","Gonzalez",1985-09-19,4,3,1,0,"bd"
"316",408236,"Adrian","Gonzalez",1982-05-08,12,10,4,3,"bd"
"317",605253,"Terrance","Gore",1991-06-08,55,49,20,18,"nbd"
"318",605253,"Terrance","Gore",1991-06-08,3,2,1,0,"bd"
"319",452733,"Tom","Gorzelanny",1982-07-12,16,15,1,1,"nbd"
"320",452733,"Tom","Gorzelanny",1982-07-12,2,2,0,0,"bd"
"321",543238,"Anthony","Gose",1990-08-10,716,643,225,229,"nbd"
"322",543238,"Anthony","Gose",1990-08-10,8,8,2,2,"bd"
"323",488912,"Tuffy","Gosewisch",1983-08-17,95,86,22,26,"nbd"
"324",488912,"Tuffy","Gosewisch",1983-08-17,4,4,0,0,"bd"
"325",545341,"Randal","Grichuk",1991-08-13,3416,3182,998,1482,"nbd"
"326",545341,"Randal","Grichuk",1991-08-13,27,26,10,16,"bd"
"327",543257,"Robbie","Grossman",1989-09-16,3075,2624,1068,1002,"nbd"
"328",543257,"Robbie","Grossman",1989-09-16,23,18,7,2,"bd"
"329",641645,"Luis","Guillorme",1994-09-27,133,114,48,43,"nbd"
"330",641645,"Luis","Guillorme",1994-09-27,5,4,3,4,"bd"
"331",493329,"Yuli","Gurriel",1984-06-09,1777,1619,622,774,"nbd"
"332",493329,"Yuli","Gurriel",1984-06-09,13,12,5,6,"bd"
"333",642721,"Kelvin","Gutierrez",1994-08-28,291,269,85,86,"nbd"
"334",642721,"Kelvin","Gutierrez",1994-08-28,4,3,1,0,"bd"
"335",576397,"Jedd","Gyorko",1988-09-23,1896,1698,611,765,"nbd"
"336",576397,"Jedd","Gyorko",1988-09-23,18,17,7,6,"bd"
"337",623352,"Josh","Hader",1994-04-07,1,1,0,0,"nbd"
"338",623352,"Josh","Hader",1994-04-07,1,1,0,0,"bd"
"339",534910,"Jesse","Hahn",1989-07-30,22,20,2,2,"nbd"
"340",534910,"Jesse","Hahn",1989-07-30,2,2,0,0,"bd"
"341",285078,"Josh","Hamilton",1981-05-21,1198,1086,426,568,"nbd"
"342",571740,"Billy","Hamilton",1990-09-09,1738,1590,491,527,"nbd"
"343",285078,"Josh","Hamilton",1981-05-21,9,8,3,9,"bd"
"344",571740,"Billy","Hamilton",1990-09-09,18,16,5,5,"bd"
"345",434628,"Jason","Hammel",1982-09-02,68,64,12,12,"nbd"
"346",434628,"Jason","Hammel",1982-09-02,2,1,0,0,"bd"
"347",462102,"Tommy","Hanson",1986-08-28,45,36,3,2,"nbd"
"348",462102,"Tommy","Hanson",1986-08-28,1,1,0,0,"bd"
"349",664023,"Ian","Happ",1994-08-12,1165,1016,386,488,"nbd"
"350",664023,"Ian","Happ",1994-08-12,14,11,4,1,"bd"
"351",421685,"Aaron","Harang",1978-05-09,107,90,16,19,"nbd"
"352",421685,"Aaron","Harang",1978-05-09,5,5,1,1,"bd"
"353",429666,"J. J.","Hardy",1982-08-19,2140,1992,615,744,"nbd"
"354",429666,"J. J.","Hardy",1982-08-19,17,16,4,4,"bd"
"355",429717,"Dan","Haren",1980-09-17,53,45,10,11,"nbd"
"356",429717,"Dan","Haren",1980-09-17,2,2,0,0,"bd"
"357",543281,"Josh","Harrison",1987-07-08,1863,1707,590,655,"nbd"
"358",543281,"Josh","Harrison",1987-07-08,16,15,4,4,"bd"
"359",656514,"Adam","Haseley",1996-04-12,19,19,4,5,"nbd"
"360",656514,"Adam","Haseley",1996-04-12,2,2,0,0,"bd"
"361",452104,"Chase","Headley",1984-05-09,1808,1603,600,607,"nbd"
"362",452104,"Chase","Headley",1984-05-09,9,8,3,2,"bd"
"363",588751,"Adeiny","Hechavarria",1989-04-15,1038,972,306,327,"nbd"
"364",588751,"Adeiny","Hechavarria",1989-04-15,8,6,5,7,"bd"
"365",595978,"Austin","Hedges",1992-08-18,1386,1274,348,460,"nbd"
"366",595978,"Austin","Hedges",1992-08-18,16,14,7,9,"bd"
"367",476451,"Jeremy","Hellickson",1987-04-08,48,40,13,9,"nbd"
"368",476451,"Jeremy","Hellickson",1987-04-08,1,1,0,0,"bd"
"369",115732,"Todd","Helton",1973-08-20,468,393,169,143,"nbd"
"370",115732,"Todd","Helton",1973-08-20,5,5,2,3,"bd"
"371",491676,"Gorkys","Hernandez",1987-09-07,501,461,143,181,"nbd"
"372",571771,"Enrique","Hernandez",1991-08-24,2228,1962,704,824,"nbd"
"373",514917,"Cesar","Hernandez",1990-05-23,3705,3283,1262,1211,"nbd"
"374",491676,"Gorkys","Hernandez",1987-09-07,7,7,2,6,"bd"
"375",571771,"Enrique","Hernandez",1991-08-24,23,20,9,10,"bd"
"376",514917,"Cesar","Hernandez",1990-05-23,33,29,9,9,"bd"
"377",518792,"Jason","Heyward",1989-08-09,1956,1724,664,692,"nbd"
"378",518792,"Jason","Heyward",1989-08-09,16,13,8,7,"bd"
"379",543308,"John","Hicks",1989-08-31,329,315,79,120,"nbd"
"380",543308,"John","Hicks",1989-08-31,4,4,1,1,"bd"
"381",543309,"Kyle","Higashioka",1990-04-20,244,227,64,89,"nbd"
"382",543309,"Kyle","Higashioka",1990-04-20,4,2,1,0,"bd"
"383",400134,"Eric","Hinske",1977-08-05,316,277,107,124,"nbd"
"384",400134,"Eric","Hinske",1977-08-05,4,4,1,4,"bd"
"385",669374,"Keston","Hiura",1996-08-02,587,524,200,267,"nbd"
"386",669374,"Keston","Hiura",1996-08-02,7,7,1,1,"bd"
"387",571788,"Brock","Holt",1988-06-11,1908,1704,651,648,"nbd"
"388",571788,"Brock","Holt",1988-06-11,15,14,1,1,"bd"
"389",592419,"Jared","Hoying",1989-05-18,73,68,19,21,"nbd"
"390",592419,"Jared","Hoying",1989-05-18,4,4,1,1,"bd"
"391",460026,"Nick","Hundley",1983-09-08,612,569,180,245,"nbd"
"392",460026,"Nick","Hundley",1983-09-08,8,7,3,2,"bd"
"393",116338,"Torii","Hunter",1975-07-18,1205,1087,392,477,"nbd"
"394",116338,"Torii","Hunter",1975-07-18,8,7,3,2,"bd"
"395",666561,"Jae-gyun","Hwang",1987-07-28,53,48,12,11,"nbd"
"396",666561,"Jae-gyun","Hwang",1987-07-28,4,4,1,1,"bd"
"397",455104,"Chris","Iannetta",1983-04-08,1583,1334,526,506,"nbd"
"398",455104,"Chris","Iannetta",1983-04-08,22,21,1,0,"bd"
"399",276346,"Brandon","Inge",1977-05-19,299,265,77,74,"nbd"
"400",276346,"Brandon","Inge",1977-05-19,4,4,2,2,"bd"
"401",429719,"Edwin","Jackson",1983-09-09,116,104,26,22,"nbd"
"402",429719,"Edwin","Jackson",1983-09-09,4,4,1,1,"bd"
"403",608671,"Travis","Jankowski",1991-06-15,538,474,181,164,"nbd"
"404",608671,"Travis","Jankowski",1991-06-15,6,4,3,2,"bd"
"405",643376,"Danny","Jansen",1995-04-15,582,524,167,211,"nbd"
"406",643376,"Danny","Jansen",1995-04-15,7,7,1,1,"bd"
"407",680777,"Ryan","Jeffers",1997-06-03,521,471,144,182,"nbd"
"408",680777,"Ryan","Jeffers",1997-06-03,8,8,2,2,"bd"
"409",656582,"Connor","Joe",1992-08-16,670,576,234,223,"nbd"
"410",656582,"Connor","Joe",1992-08-16,8,7,4,6,"bd"
"411",116662,"Andruw","Jones",1977-04-23,323,274,109,127,"nbd"
"412",592444,"JaCoby","Jones",1992-05-10,330,295,102,127,"nbd"
"413",430945,"Adam","Jones",1985-08-01,4488,4219,1432,1980,"nbd"
"414",434540,"Garrett","Jones",1981-06-21,148,140,39,52,"nbd"
"415",116662,"Andruw","Jones",1977-04-23,5,4,3,8,"bd"
"416",592444,"JaCoby","Jones",1992-05-10,3,3,1,1,"bd"
"417",430945,"Adam","Jones",1985-08-01,30,30,8,8,"bd"
"418",434540,"Garrett","Jones",1981-06-21,4,4,0,0,"bd"
"419",571830,"Tommy","Joseph",1991-07-16,529,492,152,213,"nbd"
"420",543376,"Caleb","Joseph",1986-06-18,623,560,174,212,"nbd"
"421",571830,"Tommy","Joseph",1991-07-16,4,3,2,1,"bd"
"422",543376,"Caleb","Joseph",1986-06-18,7,6,2,1,"bd"
"423",459964,"Matt","Joyce",1984-08-03,1019,862,363,391,"nbd"
"424",459964,"Matt","Joyce",1984-08-03,13,10,6,6,"bd"
"425",592450,"Aaron","Judge",1992-04-26,1994,1651,810,1019,"nbd"
"426",592450,"Aaron","Judge",1992-04-26,13,11,6,11,"bd"
"427",628356,"Jung Ho","Kang",1987-04-05,182,169,40,66,"nbd"
"428",628356,"Jung Ho","Kang",1987-04-05,3,3,1,2,"bd"
"429",672284,"Jarred","Kelenic",1999-07-16,373,333,99,117,"nbd"
"430",672284,"Jarred","Kelenic",1999-07-16,4,4,1,1,"bd"
"431",461314,"Matt","Kemp",1984-09-23,1741,1587,574,746,"nbd"
"432",461314,"Matt","Kemp",1984-09-23,12,12,6,14,"bd"
"433",435062,"Howie","Kendrick",1983-07-12,860,793,310,379,"nbd"
"434",452718,"Kyle","Kendrick",1984-08-26,104,86,17,13,"nbd"
"435",435062,"Howie","Kendrick",1983-07-12,5,5,2,2,"bd"
"436",452718,"Kyle","Kendrick",1984-08-26,5,4,1,0,"bd"
"437",666198,"Carter","Kieboom",1997-09-03,245,213,75,69,"nbd"
"438",666198,"Carter","Kieboom",1997-09-03,4,4,0,0,"bd"
"439",595281,"Kevin","Kiermaier",1990-04-22,1645,1527,493,636,"nbd"
"440",595281,"Kevin","Kiermaier",1990-04-22,12,11,2,1,"bd"
"441",547942,"Kwang Hyun","Kim",1988-07-22,27,24,4,4,"nbd"
"442",547942,"Kwang Hyun","Kim",1988-07-22,2,2,0,0,"bd"
"443",664068,"Scott","Kingery",1994-04-29,496,464,128,152,"nbd"
"444",664068,"Scott","Kingery",1994-04-29,7,7,2,2,"bd"
"445",435079,"Ian","Kinsler",1982-06-22,2761,2518,891,1064,"nbd"
"446",435079,"Ian","Kinsler",1982-06-22,21,20,7,9,"bd"
"447",543401,"Jason","Kipnis",1987-04-03,1251,1086,428,461,"nbd"
"448",543401,"Jason","Kipnis",1987-04-03,8,8,0,0,"bd"
"449",435459,"George","Kottaras",1983-05-10,247,210,75,84,"nbd"
"450",435459,"George","Kottaras",1983-05-10,3,2,1,0,"bd"
"451",456124,"Erik","Kratz",1980-06-15,84,82,9,13,"nbd"
"452",456124,"Erik","Kratz",1980-06-15,3,3,0,0,"bd"
"453",680757,"Steven","Kwan",1997-09-05,633,559,234,223,"nbd"
"454",680757,"Steven","Kwan",1997-09-05,5,4,3,2,"bd"
"455",659275,"Dinelson","Lamet",1992-07-18,59,53,6,6,"nbd"
"456",659275,"Dinelson","Lamet",1992-07-18,3,3,0,0,"bd"
"457",458709,"John","Lannan",1984-09-27,165,143,21,15,"nbd"
"458",458709,"John","Lannan",1984-09-27,5,3,0,0,"bd"
"459",641778,"Eric","Lauer",1995-06-03,46,38,4,5,"nbd"
"460",641778,"Eric","Lauer",1995-06-03,2,2,1,1,"bd"
"461",657656,"Ramon","Laureano",1994-07-15,379,342,110,130,"nbd"
"462",657656,"Ramon","Laureano",1994-07-15,4,4,0,0,"bd"
"463",453281,"Wade","LeBlanc",1984-08-07,14,11,1,2,"nbd"
"464",453281,"Wade","LeBlanc",1984-08-07,2,1,1,0,"bd"
"465",518934,"DJ","LeMahieu",1988-07-13,2192,1987,752,856,"nbd"
"466",518934,"DJ","LeMahieu",1988-07-13,19,19,5,6,"bd"
"467",493193,"Dae-ho","Lee",1982-06-21,316,291,98,124,"nbd"
"468",150324,"Carlos","Lee",1976-06-20,611,547,202,200,"nbd"
"469",493193,"Dae-ho","Lee",1982-06-21,1,1,1,1,"bd"
"470",150324,"Carlos","Lee",1976-06-20,4,3,2,1,"bd"
"471",642736,"Domingo","Leyba",1995-09-11,29,24,11,11,"nbd"
"472",642736,"Domingo","Leyba",1995-09-11,1,1,0,0,"bd"
"473",452252,"Adam","Lind",1983-07-17,1406,1260,473,586,"nbd"
"474",452252,"Adam","Lind",1983-07-17,9,8,2,1,"bd"
"475",641796,"Tim","Locastro",1992-07-14,245,208,86,70,"nbd"
"476",641796,"Tim","Locastro",1992-07-14,5,4,3,2,"bd"
"477",425766,"James","Loney",1984-05-07,384,357,125,129,"nbd"
"478",425766,"James","Loney",1984-05-07,4,4,0,0,"bd"
"479",643418,"Shed","Long",1995-08-22,124,113,30,32,"nbd"
"480",643418,"Shed","Long",1995-08-22,4,4,1,2,"bd"
"481",663993,"Nathaniel","Lowe",1995-07-07,803,701,283,299,"nbd"
"482",663993,"Nathaniel","Lowe",1995-07-07,8,8,1,1,"bd"
"483",476704,"Jed","Lowrie",1984-04-17,2127,1885,711,760,"nbd"
"484",476704,"Jed","Lowrie",1984-04-17,14,13,4,6,"bd"
"485",664192,"Joey","Lucchesi",1993-06-06,52,46,4,3,"nbd"
"486",664192,"Joey","Lucchesi",1993-06-06,2,2,0,0,"bd"
"487",518960,"Jonathan","Lucroy",1986-06-13,2529,2265,860,944,"nbd"
"488",518960,"Jonathan","Lucroy",1986-06-13,20,19,10,10,"bd"
"489",656669,"Jordan","Luplow",1993-09-26,378,323,116,128,"nbd"
"490",656669,"Jordan","Luplow",1993-09-26,10,10,3,7,"bd"
"491",592518,"Manny","Machado",1992-07-06,4079,3659,1399,1829,"nbd"
"492",592518,"Manny","Machado",1992-07-06,30,27,12,14,"bd"
"493",605353,"Vimael","Machin",1993-09-25,250,220,76,64,"nbd"
"494",605353,"Vimael","Machin",1993-09-25,3,3,0,0,"bd"
"495",641816,"Tyler","Mahle",1994-09-29,39,33,4,4,"nbd"
"496",641816,"Tyler","Mahle",1994-09-29,2,1,0,0,"bd"
"497",455117,"Martin","Maldonado",1986-08-16,787,677,230,242,"nbd"
"498",455117,"Martin","Maldonado",1986-08-16,10,10,3,3,"bd"
"499",622534,"Manuel","Margot",1994-09-28,1343,1231,407,472,"nbd"
"500",622534,"Manuel","Margot",1994-09-28,17,17,4,6,"bd"
"501",150302,"Jason","Marquis",1978-08-21,109,101,21,28,"nbd"
"502",150302,"Jason","Marquis",1978-08-21,4,3,0,0,"bd"
"503",641829,"Jason","Martin",1995-09-05,150,140,38,51,"nbd"
"504",641829,"Jason","Martin",1995-09-05,4,4,0,0,"bd"
"505",502110,"J. D.","Martinez",1987-08-21,5101,4557,1837,2470,"nbd"
"506",500874,"Jose","Martinez",1988-07-25,1260,1131,453,519,"nbd"
"507",593372,"Carlos","Martinez",1991-09-21,65,58,13,14,"nbd"
"508",492841,"Michael","Martinez",1982-09-16,105,100,28,31,"nbd"
"509",502110,"J. D.","Martinez",1987-08-21,41,38,15,19,"bd"
"510",500874,"Jose","Martinez",1988-07-25,10,9,4,3,"bd"
"511",593372,"Carlos","Martinez",1991-09-21,4,4,0,0,"bd"
"512",492841,"Michael","Martinez",1982-09-16,1,1,0,0,"bd"
"513",622761,"Jorge","Mateo",1995-06-23,529,490,140,186,"nbd"
"514",622761,"Jorge","Mateo",1995-06-23,4,4,1,1,"bd"
"515",571927,"Steven","Matz",1991-05-29,51,44,7,10,"nbd"
"516",571927,"Steven","Matz",1991-05-29,2,2,1,2,"bd"
"517",408045,"Joe","Mauer",1983-04-19,1825,1599,659,633,"nbd"
"518",408045,"Joe","Mauer",1983-04-19,14,12,4,3,"bd"
"519",457727,"Cameron","Maybin",1987-04-04,446,391,141,142,"nbd"
"520",457727,"Cameron","Maybin",1987-04-04,4,4,2,2,"bd"
"521",608686,"Jack","Mayfield",1990-09-30,286,262,77,102,"nbd"
"522",608686,"Jack","Mayfield",1990-09-30,4,4,1,1,"bd"
"523",608577,"Nomar","Mazara",1995-04-26,1027,936,325,408,"nbd"
"524",608577,"Nomar","Mazara",1995-04-26,10,9,6,9,"bd"
"525",543510,"James","McCann",1990-06-13,1303,1206,401,488,"nbd"
"526",543510,"James","McCann",1990-06-13,10,9,1,0,"bd"
"527",664983,"Jake","McCarthy",1997-07-30,350,317,118,134,"nbd"
"528",664983,"Jake","McCarthy",1997-07-30,4,4,2,3,"bd"
"529",676801,"Chas","McCormick",1995-04-19,403,355,133,144,"nbd"
"530",676801,"Chas","McCormick",1995-04-19,4,4,2,2,"bd"
"531",643446,"Jeff","McNeil",1992-04-08,1006,912,355,371,"nbd"
"532",643446,"Jeff","McNeil",1992-04-08,9,7,6,10,"bd"
"533",640457,"Austin","Meadows",1995-05-03,729,638,235,277,"nbd"
"534",640457,"Austin","Meadows",1995-05-03,9,8,2,2,"bd"
"535",656731,"Tylor","Megill",1995-07-28,29,26,6,8,"nbd"
"536",656731,"Tylor","Megill",1995-07-28,2,2,1,1,"bd"
"537",664901,"Danny","Mendick",1993-09-28,35,34,12,14,"nbd"
"538",664901,"Danny","Mendick",1993-09-28,5,5,1,4,"bd"
"539",474568,"Jordy","Mercer",1986-08-27,1556,1407,480,515,"nbd"
"540",474568,"Jordy","Mercer",1986-08-27,13,12,2,1,"bd"
"541",519023,"Devin","Mesoraco",1988-06-19,181,162,53,58,"nbd"
"542",519023,"Devin","Mesoraco",1988-06-19,3,3,0,0,"bd"
"543",519025,"Will","Middlebrooks",1988-09-09,268,248,69,71,"nbd"
"544",519025,"Will","Middlebrooks",1988-09-09,5,5,0,0,"bd"
"545",453192,"Andrew","Miller",1985-05-21,23,22,2,2,"nbd"
"546",453192,"Andrew","Miller",1985-05-21,3,2,0,0,"bd"
"547",669304,"Jose","Miranda",1998-06-29,479,440,156,188,"nbd"
"548",669304,"Jose","Miranda",1998-06-29,4,4,1,1,"bd"
"549",425877,"Yadier","Molina",1982-07-13,500,456,157,199,"nbd"
"550",425877,"Yadier","Molina",1982-07-13,3,3,1,1,"bd"
"551",660162,"Yoan","Moncada",1995-05-27,1812,1597,639,725,"nbd"
"552",660162,"Yoan","Moncada",1995-05-27,13,12,1,0,"bd"
"553",609275,"Adalberto","Mondesi",1995-07-27,663,619,186,263,"nbd"
"554",609275,"Adalberto","Mondesi",1995-07-27,10,10,3,3,"bd"
"555",471083,"Miguel","Montero",1983-07-09,211,183,66,64,"nbd"
"556",471083,"Miguel","Montero",1983-07-09,2,2,0,0,"bd"
"557",664238,"Dylan","Moore",1992-08-02,155,133,56,67,"nbd"
"558",664238,"Dylan","Moore",1992-08-02,4,4,1,1,"bd"
"559",434778,"Kendrys","Morales",1983-06-20,1706,1528,568,693,"nbd"
"560",434778,"Kendrys","Morales",1983-06-20,12,11,6,12,"bd"
"561",519048,"Mitch","Moreland",1985-09-06,2059,1848,657,828,"nbd"
"562",519048,"Mitch","Moreland",1985-09-06,19,18,6,9,"bd"
"563",489149,"Logan","Morrison",1987-08-25,1431,1250,471,541,"nbd"
"564",489149,"Logan","Morrison",1987-08-25,14,12,6,8,"bd"
"565",461235,"Brandon","Moss",1983-09-16,397,359,112,155,"nbd"
"566",461235,"Brandon","Moss",1983-09-16,4,3,0,0,"bd"
"567",519058,"Mike","Moustakas",1988-09-11,3107,2824,971,1277,"nbd"
"568",519058,"Mike","Moustakas",1988-09-11,23,21,8,12,"bd"
"569",571970,"Max","Muncy",1990-08-25,1889,1565,700,811,"nbd"
"570",571970,"Max","Muncy",1990-08-25,21,17,8,11,"bd"
"571",571974,"J. R.","Murphy",1991-05-13,291,269,71,104,"nbd"
"572",502517,"Daniel","Murphy",1985-04-01,579,528,227,316,"nbd"
"573",571974,"J. R.","Murphy",1991-05-13,2,2,0,0,"bd"
"574",502517,"Daniel","Murphy",1985-04-01,3,3,0,0,"bd"
"575",571980,"Tyler","Naquin",1991-04-24,1321,1202,430,548,"nbd"
"576",571980,"Tyler","Naquin",1991-04-24,15,14,4,6,"bd"
"577",519068,"Efren","Navarro",1986-05-14,169,154,51,53,"nbd"
"578",519068,"Efren","Navarro",1986-05-14,5,5,1,1,"bd"
"579",647304,"Josh","Naylor",1997-06-22,1014,925,317,395,"nbd"
"580",647304,"Josh","Naylor",1997-06-22,13,10,5,3,"bd"
"581",621028,"Kevin","Newman",1993-08-04,1079,1006,329,378,"nbd"
"582",621028,"Kevin","Newman",1993-08-04,6,4,3,2,"bd"
"583",504379,"Juan","Nicasio",1986-08-31,49,35,9,5,"nbd"
"584",504379,"Juan","Nicasio",1986-08-31,1,1,0,0,"bd"
"585",621512,"Tomas","Nido",1994-04-12,158,151,40,47,"nbd"
"586",621512,"Tomas","Nido",1994-04-12,3,2,2,3,"bd"
"587",663457,"Lars","Nootbaar",1997-09-08,465,394,156,176,"nbd"
"588",663457,"Lars","Nootbaar",1997-09-08,6,5,1,0,"bd"
"589",600524,"Renato","Nunez",1994-04-04,595,537,184,247,"nbd"
"590",456488,"Eduardo","Nunez",1987-06-15,1576,1490,501,638,"nbd"
"591",600524,"Renato","Nunez",1994-04-04,4,4,2,2,"bd"
"592",456488,"Eduardo","Nunez",1987-06-15,12,10,4,2,"bd"
"593",657434,"Brian","O'Grady",1992-05-17,57,48,15,17,"nbd"
"594",657434,"Brian","O'Grady",1992-05-17,4,3,1,0,"bd"
"595",641933,"Tyler","O'Neill",1995-06-22,533,478,188,269,"nbd"
"596",641933,"Tyler","O'Neill",1995-06-22,4,4,1,1,"bd"
"597",660271,"Shohei","Ohtani",1994-07-05,2069,1807,746,990,"nbd"
"598",660271,"Shohei","Ohtani",1994-07-05,28,26,6,10,"bd"
"599",542364,"Rafael","Ortega",1991-05-15,368,313,121,109,"nbd"
"600",542364,"Rafael","Ortega",1991-05-15,3,3,1,4,"bd"
"601",400061,"Roy","Oswalt",1977-08-29,76,61,11,8,"nbd"
"602",400061,"Roy","Oswalt",1977-08-29,3,3,1,1,"bd"
"603",572008,"Chris","Owings",1991-08-12,1055,986,300,361,"nbd"
"604",572008,"Chris","Owings",1991-08-12,7,7,4,5,"bd"
"605",434636,"Angel","Pagan",1981-07-02,539,491,179,207,"nbd"
"606",434636,"Angel","Pagan",1981-07-02,4,4,0,0,"bd"
"607",660829,"Hoy","Park",1996-04-07,57,48,15,18,"nbd"
"608",660829,"Hoy","Park",1996-04-07,3,3,1,1,"bd"
"609",467827,"Gerardo","Parra",1987-05-06,2383,2188,778,897,"nbd"
"610",467827,"Gerardo","Parra",1987-05-06,22,19,9,8,"bd"
"611",456665,"Steve","Pearce",1983-04-13,1012,901,322,392,"nbd"
"612",456665,"Steve","Pearce",1983-04-13,11,10,2,2,"bd"
"613",408241,"Jake","Peavy",1981-05-31,29,25,6,4,"nbd"
"614",408241,"Jake","Peavy",1981-05-31,2,2,1,1,"bd"
"615",592626,"Joc","Pederson",1992-04-21,2748,2360,932,1137,"nbd"
"616",592626,"Joc","Pederson",1992-04-21,26,24,13,21,"bd"
"617",456030,"Dustin","Pedroia",1983-08-17,694,629,261,283,"nbd"
"618",456030,"Dustin","Pedroia",1983-08-17,4,4,1,1,"bd"
"619",665161,"Jeremy","Pena",1997-09-22,554,517,159,221,"nbd"
"620",665161,"Jeremy","Pena",1997-09-22,4,4,1,1,"bd"
"621",452254,"Hunter","Pence",1983-04-13,1528,1393,502,602,"nbd"
"622",452254,"Hunter","Pence",1983-04-13,17,16,3,2,"bd"
"623",460060,"Cliff","Pennington",1984-06-15,245,207,70,57,"nbd"
"624",460060,"Cliff","Pennington",1984-06-15,4,3,2,2,"bd"
"625",207267,"Brad","Penny",1978-05-24,30,24,5,5,"nbd"
"626",207267,"Brad","Penny",1978-05-24,2,2,0,0,"bd"
"627",444482,"David","Peralta",1987-08-14,2265,2055,757,925,"nbd"
"628",642547,"Freddy","Peralta",1996-06-04,42,40,5,4,"nbd"
"629",425509,"Jhonny","Peralta",1982-05-28,57,53,15,11,"nbd"
"630",444482,"David","Peralta",1987-08-14,18,16,8,6,"bd"
"631",642547,"Freddy","Peralta",1996-06-04,3,3,0,0,"bd"
"632",425509,"Jhonny","Peralta",1982-05-28,1,1,0,0,"bd"
"633",606299,"Jose","Peraza",1994-04-30,1589,1482,485,549,"nbd"
"634",606299,"Jose","Peraza",1994-04-30,15,13,3,2,"bd"
"635",554234,"Williams","Perez",1991-05-21,16,14,0,0,"nbd"
"636",521692,"Salvador","Perez",1990-05-10,3198,3027,916,1340,"nbd"
"637",605421,"Michael","Perez",1992-08-07,395,361,96,110,"nbd"
"638",554234,"Williams","Perez",1991-05-21,3,3,0,0,"bd"
"639",521692,"Salvador","Perez",1990-05-10,23,22,6,8,"bd"
"640",605421,"Michael","Perez",1992-08-07,9,7,1,0,"bd"
"641",607054,"Jace","Peterson",1990-05-09,917,809,286,286,"nbd"
"642",607054,"Jace","Peterson",1990-05-09,8,7,2,1,"bd"
"643",621433,"Brett","Phillips",1994-05-30,510,447,133,153,"nbd"
"644",408252,"Brandon","Phillips",1981-06-28,2292,2156,728,861,"nbd"
"645",621433,"Brett","Phillips",1994-05-30,7,7,2,5,"bd"
"646",408252,"Brandon","Phillips",1981-06-28,18,16,6,10,"bd"
"647",444489,"Manny","Pina",1987-06-05,689,629,218,258,"nbd"
"648",444489,"Manny","Pina",1987-06-05,7,7,2,3,"bd"
"649",334492,"Joel","Pineiro",1978-09-25,54,49,8,8,"nbd"
"650",334492,"Joel","Pineiro",1978-09-25,3,2,0,0,"bd"
"651",461858,"Trevor","Plouffe",1986-06-15,1486,1358,454,561,"nbd"
"652",461858,"Trevor","Plouffe",1986-06-15,12,11,5,9,"bd"
"653",570256,"Gregory","Polanco",1991-09-14,1062,953,315,387,"nbd"
"654",593871,"Jorge","Polanco",1993-07-05,2647,2365,886,1072,"nbd"
"655",570256,"Gregory","Polanco",1991-09-14,11,8,6,3,"bd"
"656",593871,"Jorge","Polanco",1993-07-05,23,19,8,11,"bd"
"657",502100,"Alex","Presley",1985-07-25,263,244,92,102,"nbd"
"658",502100,"Alex","Presley",1985-07-25,1,1,0,0,"bd"
"659",527049,"Cesar","Puello",1991-04-01,37,32,10,5,"nbd"
"660",527049,"Cesar","Puello",1991-04-01,2,2,2,2,"bd"
"661",596451,"Roman","Quinn",1993-05-14,83,75,25,24,"nbd"
"662",596451,"Roman","Quinn",1993-05-14,4,4,0,0,"bd"
"663",608070,"Jose","Ramirez",1992-09-17,2787,2464,958,1170,"nbd"
"664",623912,"Harold","Ramirez",1994-09-06,431,400,147,162,"nbd"
"665",493351,"Alexei","Ramirez",1981-09-22,619,580,177,208,"nbd"
"666",608070,"Jose","Ramirez",1992-09-17,27,25,11,19,"bd"
"667",623912,"Harold","Ramirez",1994-09-06,4,3,2,1,"bd"
"668",493351,"Alexei","Ramirez",1981-09-22,3,3,0,0,"bd"
"669",467092,"Wilson","Ramos",1987-08-10,1847,1707,610,753,"nbd"
"670",459987,"Cesar","Ramos",1984-06-22,0,0,0,0,"nbd"
"671",467092,"Wilson","Ramos",1987-08-10,19,18,6,9,"bd"
"672",459987,"Cesar","Ramos",1984-06-22,1,1,0,0,"bd"
"673",458675,"Colby","Rasmus",1986-08-11,982,872,344,435,"nbd"
"674",458675,"Colby","Rasmus",1986-08-11,10,9,3,5,"bd"
"675",607067,"Colin","Rea",1990-07-01,37,31,6,4,"nbd"
"676",607067,"Colin","Rea",1990-07-01,2,2,0,0,"bd"
"677",543685,"Anthony","Rendon",1990-06-06,2430,2091,927,1066,"nbd"
"678",543685,"Anthony","Rendon",1990-06-06,22,19,10,10,"bd"
"679",519184,"Ben","Revere",1988-05-03,933,874,305,318,"nbd"
"680",519184,"Ben","Revere",1988-05-03,9,9,5,5,"bd"
"681",622569,"Pablo","Reyes",1993-09-05,236,215,67,67,"nbd"
"682",614177,"Franmil","Reyes",1995-07-07,1008,906,319,466,"nbd"
"683",408314,"Jose","Reyes",1983-06-11,557,498,173,206,"nbd"
"684",622569,"Pablo","Reyes",1993-09-05,8,6,5,7,"bd"
"685",614177,"Franmil","Reyes",1995-07-07,6,6,2,5,"bd"
"686",408314,"Jose","Reyes",1983-06-11,4,3,2,1,"bd"
"687",448602,"Mark","Reynolds",1983-08-03,1025,904,362,420,"nbd"
"688",448602,"Mark","Reynolds",1983-08-03,9,9,4,10,"bd"
"689",453385,"Clayton","Richard",1983-09-12,77,67,7,11,"nbd"
"690",453385,"Clayton","Richard",1983-09-12,2,2,0,0,"bd"
"691",572073,"Joey","Rickard",1991-05-21,505,463,157,184,"nbd"
"692",572073,"Joey","Rickard",1991-05-21,7,7,1,1,"bd"
"693",663586,"Austin","Riley",1997-04-02,691,613,242,325,"nbd"
"694",663586,"Austin","Riley",1997-04-02,2,2,0,0,"bd"
"695",592680,"Yadiel","Rivera",1992-05-02,225,199,57,46,"nbd"
"696",425784,"Rene","Rivera",1983-07-31,271,246,78,85,"nbd"
"697",656896,"Emmanuel","Rivera",1996-06-29,97,89,31,30,"nbd"
"698",592680,"Yadiel","Rivera",1992-05-02,6,6,2,2,"bd"
"699",425784,"Rene","Rivera",1983-07-31,7,6,1,0,"bd"
"700",656896,"Emmanuel","Rivera",1996-06-29,1,1,0,0,"bd"
"701",519203,"Anthony","Rizzo",1989-08-08,3868,3273,1478,1629,"nbd"
"702",519203,"Anthony","Rizzo",1989-08-08,29,27,9,9,"bd"
"703",673357,"Luis","Robert",1997-08-03,222,199,65,87,"nbd"
"704",673357,"Luis","Robert",1997-08-03,5,3,3,1,"bd"
"705",592685,"Drew","Robinson",1992-04-20,121,105,36,32,"nbd"
"706",592685,"Drew","Robinson",1992-04-20,4,4,0,0,"bd"
"707",645302,"Victor","Robles",1997-05-19,979,854,310,319,"nbd"
"708",645302,"Victor","Robles",1997-05-19,7,7,2,3,"bd"
"709",663898,"Brendan","Rodgers",1996-08-09,575,522,184,211,"nbd"
"710",663898,"Brendan","Rodgers",1996-08-09,6,5,5,4,"bd"
"711",500135,"Ronny","Rodriguez",1992-04-17,290,273,73,120,"nbd"
"712",121347,"Alex","Rodriguez",1975-07-27,1206,1036,423,514,"nbd"
"713",446481,"Sean","Rodriguez",1985-04-26,762,670,229,243,"nbd"
"714",500135,"Ronny","Rodriguez",1992-04-17,4,3,1,1,"bd"
"715",121347,"Alex","Rodriguez",1975-07-27,9,9,1,4,"bd"
"716",446481,"Sean","Rodriguez",1985-04-26,12,11,2,2,"bd"
"717",469134,"Esmil","Rogers",1985-08-14,48,41,9,12,"nbd"
"718",469134,"Esmil","Rogers",1985-08-14,4,4,1,1,"bd"
"719",668942,"Josh","Rojas",1994-06-30,545,479,185,198,"nbd"
"720",668942,"Josh","Rojas",1994-06-30,5,5,1,1,"bd"
"721",489267,"Adam","Rosales",1983-05-20,552,498,156,208,"nbd"
"722",489267,"Adam","Rosales",1983-05-20,8,5,3,0,"bd"
"723",592696,"Eddie","Rosario",1991-09-28,1731,1629,503,730,"nbd"
"724",592696,"Eddie","Rosario",1991-09-28,15,15,5,6,"bd"
"725",605452,"Joe","Ross",1993-05-21,42,39,13,12,"nbd"
"726",605452,"Joe","Ross",1993-05-21,2,2,0,0,"bd"
"727",573131,"Darin","Ruf",1986-07-28,701,610,243,289,"nbd"
"728",573131,"Darin","Ruf",1986-07-28,8,7,3,3,"bd"
"729",660688,"Keibert","Ruiz",1998-07-20,7,7,1,4,"nbd"
"730",547004,"Rio","Ruiz",1994-05-22,169,148,46,45,"nbd"
"731",660688,"Keibert","Ruiz",1998-07-20,1,1,1,1,"bd"
"732",547004,"Rio","Ruiz",1994-05-22,4,2,3,1,"bd"
"733",519237,"Cameron","Rupp",1988-09-28,424,394,128,175,"nbd"
"734",519237,"Cameron","Rupp",1988-09-28,9,8,4,4,"bd"
"735",592710,"Josh","Rutledge",1989-04-21,55,48,18,17,"nbd"
"736",592710,"Josh","Rutledge",1989-04-21,1,1,1,2,"bd"
"737",573135,"Tyler","Saladino",1989-07-20,516,476,151,182,"nbd"
"738",573135,"Tyler","Saladino",1989-07-20,13,13,4,4,"bd"
"739",477569,"Fernando","Salas",1985-05-30,1,1,0,0,"nbd"
"740",477569,"Fernando","Salas",1985-05-30,1,1,1,1,"bd"
"741",457454,"Jarrod","Saltalamacchia",1985-05-02,431,370,136,130,"nbd"
"742",457454,"Jarrod","Saltalamacchia",1985-05-02,4,3,3,5,"bd"
"743",459991,"Gaby","Sanchez",1983-09-02,321,295,88,97,"nbd"
"744",570560,"Carlos","Sanchez",1992-06-29,1122,1009,348,360,"nbd"
"745",459991,"Gaby","Sanchez",1983-09-02,5,4,3,5,"bd"
"746",570560,"Carlos","Sanchez",1992-06-29,11,8,3,3,"bd"
"747",467055,"Pablo","Sandoval",1986-08-11,776,721,220,263,"nbd"
"748",467055,"Pablo","Sandoval",1986-08-11,8,8,1,4,"bd"
"749",593934,"Miguel","Sano",1993-05-11,970,855,324,409,"nbd"
"750",593934,"Miguel","Sano",1993-05-11,8,6,4,8,"bd"
"751",570267,"Domingo","Santana",1992-08-05,603,522,223,264,"nbd"
"752",467793,"Carlos","Santana",1986-04-08,3339,2809,1178,1185,"nbd"
"753",570267,"Domingo","Santana",1992-08-05,4,3,2,1,"bd"
"754",467793,"Carlos","Santana",1986-04-08,20,19,3,7,"bd"
"755",421124,"Ramon","Santiago",1979-08-31,230,201,66,57,"nbd"
"756",421124,"Ramon","Santiago",1979-08-31,4,4,2,2,"bd"
"757",596143,"Luis","Sardinas",1993-05-16,102,94,23,19,"nbd"
"758",596143,"Luis","Sardinas",1993-05-16,3,3,2,2,"bd"
"759",457788,"Jordan","Schafer",1986-09-04,237,208,72,64,"nbd"
"760",457788,"Jordan","Schafer",1986-09-04,3,2,0,0,"bd"
"761",453286,"Max","Scherzer",1984-07-27,143,129,29,30,"nbd"
"762",453286,"Max","Scherzer",1984-07-27,7,3,5,2,"bd"
"763",572114,"Ryan","Schimpf",1988-04-11,193,162,55,70,"nbd"
"764",572114,"Ryan","Schimpf",1988-04-11,4,3,1,0,"bd"
"765",432928,"Luke","Scott",1978-06-25,232,205,70,82,"nbd"
"766",432928,"Luke","Scott",1978-06-25,4,4,1,2,"bd"
"767",608369,"Corey","Seager",1994-04-27,3005,2682,1067,1303,"nbd"
"768",608369,"Corey","Seager",1994-04-27,23,20,6,6,"bd"
"769",543760,"Marcus","Semien",1990-09-17,4097,3703,1320,1686,"nbd"
"770",543760,"Marcus","Semien",1990-09-17,32,29,10,12,"bd"
"771",669222,"Nick","Senzel",1995-06-29,826,740,248,272,"nbd"
"772",669222,"Nick","Senzel",1995-06-29,8,8,2,2,"bd"
"773",600474,"Pedro","Severino",1993-07-20,415,375,128,144,"nbd"
"774",600474,"Pedro","Severino",1993-07-20,4,4,1,1,"bd"
"775",543768,"Travis","Shaw",1990-04-16,2223,1946,716,852,"nbd"
"776",543768,"Travis","Shaw",1990-04-16,20,20,6,9,"bd"
"777",657757,"Gavin","Sheets",1996-04-23,407,374,120,154,"nbd"
"778",657757,"Gavin","Sheets",1996-04-23,3,3,1,1,"bd"
"779",543776,"JB","Shuck",1987-06-18,379,350,95,97,"nbd"
"780",543776,"JB","Shuck",1987-06-18,4,4,0,0,"bd"
"781",592743,"Andrelton","Simmons",1989-09-04,3283,3024,1052,1116,"nbd"
"782",592743,"Andrelton","Simmons",1989-09-04,32,30,9,8,"bd"
"783",642086,"Dominic","Smith",1995-06-15,830,758,254,307,"nbd"
"784",605480,"Mallex","Smith",1993-05-06,752,664,261,263,"nbd"
"785",607345,"Kevan","Smith",1988-06-28,181,165,64,64,"nbd"
"786",452234,"Seth","Smith",1982-09-30,435,375,150,157,"nbd"
"787",642086,"Dominic","Smith",1995-06-15,9,8,4,8,"bd"
"788",605480,"Mallex","Smith",1993-05-06,7,5,3,1,"bd"
"789",607345,"Kevan","Smith",1988-06-28,6,6,1,1,"bd"
"790",452234,"Seth","Smith",1982-09-30,3,3,0,0,"bd"
"791",592767,"Drew","Smyly",1989-06-13,40,38,3,3,"nbd"
"792",592767,"Drew","Smyly",1989-06-13,3,3,0,0,"bd"
"793",519299,"Eric","Sogard",1986-05-22,1011,925,321,345,"nbd"
"794",519299,"Eric","Sogard",1986-05-22,12,12,2,2,"bd"
"795",500208,"Yangervis","Solarte",1987-07-03,1508,1387,467,576,"nbd"
"796",500208,"Yangervis","Solarte",1987-07-03,12,12,6,15,"bd"
"797",519306,"Steven","Souza",1989-04-24,1077,946,355,408,"nbd"
"798",519306,"Steven","Souza",1989-04-24,8,7,3,8,"bd"
"799",543807,"George","Springer",1989-09-19,2983,2590,1068,1257,"nbd"
"800",543807,"George","Springer",1989-09-19,25,22,6,5,"bd"
"801",605490,"Bubba","Starling",1992-08-03,193,182,50,59,"nbd"
"802",605490,"Bubba","Starling",1992-08-03,4,4,0,0,"bd"
"803",431162,"Tim","Stauffer",1982-06-02,62,53,8,7,"nbd"
"804",431162,"Tim","Stauffer",1982-06-02,1,1,1,1,"bd"
"805",543829,"Dee","Strange-Gordon",1988-04-22,2267,2135,736,802,"nbd"
"806",543829,"Dee","Strange-Gordon",1988-04-22,15,14,4,3,"bd"
"807",544931,"Stephen","Strasburg",1988-07-20,99,84,22,24,"nbd"
"808",544931,"Stephen","Strasburg",1988-07-20,5,4,2,1,"bd"
"809",553993,"Eugenio","Suarez",1991-07-18,3145,2773,1035,1259,"nbd"
"810",605498,"Andrew","Suarez",1992-09-11,50,46,5,3,"nbd"
"811",553993,"Eugenio","Suarez",1991-07-18,25,22,7,12,"bd"
"812",605498,"Andrew","Suarez",1992-09-11,1,1,0,0,"bd"
"813",491696,"Jesus","Sucre",1988-04-30,195,179,48,46,"nbd"
"814",491696,"Jesus","Sucre",1988-04-30,3,3,0,0,"bd"
"815",596119,"Blake","Swihart",1992-04-03,95,88,19,22,"nbd"
"816",596119,"Blake","Swihart",1992-04-03,4,4,3,6,"bd"
"817",449881,"R. J.","Swindle",1983-07-07,1,1,0,0,"nbd"
"818",449881,"R. J.","Swindle",1983-07-07,1,1,0,0,"bd"
"819",519333,"Matt","Szczur",1989-07-20,233,191,82,69,"nbd"
"820",519333,"Matt","Szczur",1989-07-20,4,4,0,0,"bd"
"821",665750,"Leody","Taveras",1998-09-08,309,283,77,89,"nbd"
"822",665750,"Leody","Taveras",1998-09-08,10,10,2,5,"bd"
"823",621035,"Chris","Taylor",1990-08-29,2816,2491,950,1116,"nbd"
"824",621035,"Chris","Taylor",1990-08-29,20,19,4,6,"bd"
"825",407893,"Mark","Teixeira",1980-04-11,707,597,259,289,"nbd"
"826",407893,"Mark","Teixeira",1980-04-11,5,4,1,0,"bd"
"827",123173,"Miguel","Tejada",1974-05-25,677,634,210,242,"nbd"
"828",123173,"Miguel","Tejada",1974-05-25,4,2,2,0,"bd"
"829",657041,"Lane","Thomas",1995-08-23,544,494,163,199,"nbd"
"830",657041,"Lane","Thomas",1995-08-23,4,4,2,2,"bd"
"831",664789,"Ka'ai","Tom",1994-05-29,130,105,36,21,"nbd"
"832",664789,"Ka'ai","Tom",1994-05-29,3,3,1,4,"bd"
"833",605509,"Kelby","Tomlinson",1990-06-16,221,193,73,61,"nbd"
"834",605509,"Kelby","Tomlinson",1990-06-16,1,1,0,0,"bd"
"835",620443,"Luis","Torrens",1996-05-02,538,491,158,191,"nbd"
"836",620443,"Luis","Torrens",1996-05-02,6,6,2,3,"bd"
"837",591720,"Ronald","Torreyes",1992-09-02,674,628,200,228,"nbd"
"838",591720,"Ronald","Torreyes",1992-09-02,6,5,1,0,"bd"
"839",545361,"Mike","Trout",1991-08-07,2117,1763,849,1034,"nbd"
"840",545361,"Mike","Trout",1991-08-07,18,15,9,16,"bd"
"841",605512,"Preston","Tucker",1990-07-06,318,295,92,123,"nbd"
"842",605512,"Preston","Tucker",1990-07-06,5,5,4,8,"bd"
"843",607208,"Trea","Turner",1993-06-30,2646,2416,932,1146,"nbd"
"844",607208,"Trea","Turner",1993-06-30,17,16,7,12,"bd"
"845",425834,"B. J.","Upton",1984-08-21,762,692,228,280,"nbd"
"846",457708,"Justin","Upton",1987-08-25,2283,2016,757,965,"nbd"
"847",425834,"B. J.","Upton",1984-08-21,5,5,2,6,"bd"
"848",457708,"Justin","Upton",1987-08-25,20,19,1,0,"bd"
"849",649966,"Luis","Urias",1997-06-03,1039,893,352,378,"nbd"
"850",649966,"Luis","Urias",1997-06-03,3,3,1,4,"bd"
"851",642162,"Pat","Valaika",1992-09-09,472,440,129,194,"nbd"
"852",642162,"Pat","Valaika",1992-09-09,6,5,0,0,"bd"
"853",502143,"Danny","Valencia",1984-09-19,1702,1554,572,704,"nbd"
"854",502143,"Danny","Valencia",1984-09-19,15,11,7,4,"bd"
"855",475100,"Scott","Van Slyke",1986-07-24,361,319,112,116,"nbd"
"856",475100,"Scott","Van Slyke",1986-07-24,5,5,1,1,"bd"
"857",545121,"Ildemaro","Vargas",1991-07-16,207,197,61,78,"nbd"
"858",573627,"Kennys","Vargas",1990-08-01,171,147,58,76,"nbd"
"859",545121,"Ildemaro","Vargas",1991-07-16,4,4,2,5,"bd"
"860",573627,"Kennys","Vargas",1990-08-01,6,5,1,0,"bd"
"861",662139,"Daulton","Varsho",1996-07-02,905,813,276,354,"nbd"
"862",662139,"Daulton","Varsho",1996-07-02,2,2,2,5,"bd"
"863",683734,"Andrew","Vaughn",1998-04-03,466,414,145,165,"nbd"
"864",683734,"Andrew","Vaughn",1998-04-03,3,3,0,0,"bd"
"865",543877,"Christian","Vazquez",1990-08-21,1736,1596,552,648,"nbd"
"866",543877,"Christian","Vazquez",1990-08-21,18,16,7,7,"bd"
"867",657077,"Alex","Verdugo",1996-05-15,1613,1469,548,629,"nbd"
"868",657077,"Alex","Verdugo",1996-05-15,12,11,4,6,"bd"
"869",663837,"Matt","Vierling",1996-09-16,427,389,131,145,"nbd"
"870",663837,"Matt","Vierling",1996-09-16,7,7,3,3,"bd"
"871",542340,"Jonathan","Villar",1991-05-02,2240,2007,742,829,"nbd"
"872",542340,"Jonathan","Villar",1991-05-02,23,21,6,6,"bd"
"873",123744,"Omar","Vizquel",1967-04-24,178,164,50,51,"nbd"
"874",123744,"Omar","Vizquel",1967-04-24,4,3,1,0,"bd"
"875",458690,"Chris","Volstad",1986-09-23,50,44,10,11,"nbd"
"876",458690,"Chris","Volstad",1986-09-23,2,2,0,0,"bd"
"877",458015,"Joey","Votto",1983-09-10,4033,3294,1675,1667,"nbd"
"878",458015,"Joey","Votto",1983-09-10,33,28,15,19,"bd"
"879",608379,"Michael","Wacha",1991-07-01,53,44,3,2,"nbd"
"880",608379,"Michael","Wacha",1991-07-01,2,2,0,0,"bd"
"881",425794,"Adam","Wainwright",1981-08-30,161,147,32,57,"nbd"
"882",425794,"Adam","Wainwright",1981-08-30,4,4,0,0,"bd"
"883",435522,"Neil","Walker",1985-09-10,2820,2502,958,1081,"nbd"
"884",435522,"Neil","Walker",1985-09-10,15,12,3,2,"bd"
"885",670764,"Taylor","Walls",1996-07-10,633,552,177,160,"nbd"
"886",670764,"Taylor","Walls",1996-07-10,9,7,2,1,"bd"
"887",665120,"Jared","Walsh",1993-07-30,449,418,122,158,"nbd"
"888",665120,"Jared","Walsh",1993-07-30,5,5,0,0,"bd"
"889",596133,"Luke","Weaver",1993-08-21,45,37,7,6,"nbd"
"890",596133,"Luke","Weaver",1993-08-21,1,1,0,0,"bd"
"891",448694,"Randy","Wells",1982-08-28,61,51,11,11,"nbd"
"892",448694,"Randy","Wells",1982-08-28,2,1,0,0,"bd"
"893",621563,"Joey","Wendle",1990-04-26,1407,1286,456,523,"nbd"
"894",621563,"Joey","Wendle",1990-04-26,10,8,6,8,"bd"
"895",150029,"Jayson","Werth",1979-05-20,886,768,293,314,"nbd"
"896",150029,"Jayson","Werth",1979-05-20,9,9,3,4,"bd"
"897",642201,"Eli","White",1994-06-26,215,193,56,60,"nbd"
"898",502229,"Alex","White",1988-08-29,12,11,1,2,"nbd"
"899",657108,"Evan","White",1996-04-26,100,93,21,23,"nbd"
"900",642201,"Eli","White",1994-06-26,5,5,1,1,"bd"
"901",502229,"Alex","White",1988-08-29,2,2,0,0,"bd"
"902",657108,"Evan","White",1996-04-26,4,4,0,0,"bd"
"903",446308,"Matt","Wieters",1986-05-21,460,419,138,167,"nbd"
"904",446308,"Matt","Wieters",1986-05-21,4,4,2,6,"bd"
"905",592863,"Mason","Williams",1991-08-21,127,118,41,44,"nbd"
"906",608384,"Nick","Williams",1993-09-08,781,710,256,313,"nbd"
"907",592863,"Mason","Williams",1991-08-21,5,5,2,5,"bd"
"908",608384,"Nick","Williams",1993-09-08,10,10,5,8,"bd"
"909",607776,"Mac","Williamson",1990-07-15,126,111,39,45,"nbd"
"910",607776,"Mac","Williamson",1990-07-15,1,1,1,1,"bd"
"911",608385,"Jesse","Winker",1993-08-17,678,574,235,217,"nbd"
"912",608385,"Jesse","Winker",1993-08-17,6,3,4,4,"bd"
"913",621550,"Patrick","Wisdom",1991-08-27,370,334,111,167,"nbd"
"914",621550,"Patrick","Wisdom",1991-08-27,5,4,3,8,"bd"
"915",677951,"Bobby","Witt",2000-06-14,628,588,186,253,"nbd"
"916",677951,"Bobby","Witt",2000-06-14,4,3,0,0,"bd"
"917",547172,"Tony","Wolters",1992-06-09,212,178,63,52,"nbd"
"918",547172,"Tony","Wolters",1992-06-09,4,4,0,0,"bd"
"919",502028,"Blake","Wood",1985-08-08,1,1,0,0,"nbd"
"920",502028,"Blake","Wood",1985-08-08,1,1,0,0,"bd"
"921",474699,"Vance","Worley",1987-09-25,47,44,11,11,"nbd"
"922",474699,"Vance","Worley",1987-09-25,1,1,0,0,"bd"
"923",573262,"Mike","Yastrzemski",1990-08-23,775,671,257,295,"nbd"
"924",573262,"Mike","Yastrzemski",1990-08-23,8,6,3,4,"bd"
"925",455759,"Chris","Young",1983-09-05,854,760,279,334,"nbd"
"926",455759,"Chris","Young",1983-09-05,5,4,3,5,"bd"
"927",664874,"Seby","Zavala",1993-08-28,303,266,93,103,"nbd"
"928",664874,"Seby","Zavala",1993-08-28,6,5,1,0,"bd"
"929",475582,"Ryan","Zimmerman",1984-09-28,1093,993,356,460,"nbd"
"930",475582,"Ryan","Zimmerman",1984-09-28,11,11,5,7,"bd"
"931",519455,"Jordan","Zimmermann",1986-05-23,65,53,11,10,"nbd"
"932",519455,"Jordan","Zimmermann",1986-05-23,2,2,1,1,"bd"
"933",217096,"Barry","Zito",1978-05-13,131,99,20,10,"nbd"
"934",217096,"Barry","Zito",1978-05-13,5,5,0,0,"bd"
"935",450314,"Ben","Zobrist",1981-05-26,1539,1346,542,570,"nbd"
"936",450314,"Ben","Zobrist",1981-05-26,12,11,3,3,"bd"
"937",594798,"Jacob","deGrom",1988-06-19,112,99,23,19,"nbd"
"938",594798,"Jacob","deGrom",1988-06-19,4,2,0,0,"bd"
